,Alcohol,MalicAcid,Ash,AcalinityofAsh,Magnesium,TotalPhenols,Flavanoids,NonflavanoidPhenols,Proanthocyanins,Proline
Class 1,13.744746,2.010678,2.455593,17.037288,106.338983,2.840169,2.982373,0.29,1.899322,1115.711864
Class 2,12.282143,1.898857,2.242857,20.212857,94.757143,2.261143,2.085571,0.362857,1.634286,518.642857
Class 3,13.132979,3.317447,2.430638,21.351064,99.382979,1.670851,0.781915,0.445106,1.149362,631.382979
